Наименование;"Наименование артикула";Артикул;Валюта;Цена;"Доступен для заказа";"Зачеркнутая цена";"Закупочная цена";"В наличии";"Краткое описание";Описание;Наклейка;Статус;"Тип товаров";Теги;"Облагается налогом";Заголовок;"META Keywords";"META Description";"Ссылка на витрину";compare_price_selectable;purchase_price_selectable;"Масса жидкого состава (в среднем)";"Тип распыления:";"Слезоточивые вещества (ирританты):";"Пятно контакта на 2 м:";"Эффективная дальность:";"Время работы:";"Рабочая температура:";Изображения;Изображения;Изображения;Изображения;Изображения;Изображения;Изображения;Изображения
"Перцовка 25 мл.";;;RUB;304;1;0;0;;"Газовый баллончик «Перцовка» – это смесевой газовый баллончик, который содержит два действующих ирританта: OC олеорезин капсикум 20% (экстракт натурального жгучего перца) и CS полицейский ирритант в других странах (синтетическое вещество). Баллончики «Перцовка» имеют аэрозольный тип распыления.";"<p><em style=""background-color: initial;"">Подумай о безопасности своих друзей - поделись с ними</em></p><p>Газовый баллончик «Перцовка» – это смесевой газовый баллончик, который содержит два действующих ирританта: <strong>OC</strong> олеорезин капсикум<strong>20% </strong>(<em>экстракт натурального жгучего перца</em>) и <strong>CS </strong>полицейский ирритант в других странах (<em>синтетическое вещество</em>). Баллончики «Перцовка» имеют аэрозольный тип распыления.</p><p>Баллончики «Перцовка» – это баллончики предпоследнего поколения – они занимают «среднее» место по стоимости и эффективности в линейке баллончиков ЗАО «Техкрим»: «Перцовка» конечно эффективнее <a href=""http://pepper.glyanec.net/cans/zhguchiy-perchik-65-ml"">«Жгучего перчика»</a>, но баллончики последнего поколения, такие как <a href=""http://pepper.glyanec.net/cans/black-65-ml"">""Black""</a> или <a href=""http://pepper.glyanec.net/cans/shpaga-65-ml"">""Шпага""</a>, конечно эффективнее «Перцовки».</p><iframe src=""//www.youtube.com/embed/wqUevB7hVRU"" allowfullscreen="""" height=""174"" width=""278"" frameborder=""0""></iframe><p>Газовые баллончики «Перцовка» очень востребованы и часто покупаются сотрудниками ЧОПов и частными охранниками, как недорогое эффективное средство.</p><iframe src=""//www.youtube.com/embed/bZyQfxdA-fA"" allowfullscreen="""" height=""174"" width=""278"" frameborder=""0""></iframe>";;1;"Обычный товар";;;"газовый баллончик Перцовка 25 мл.";"Перцовка 25, Перцовка, Техкрим, газовый баллончик, перцовый баллончик, газовые баллончики, купить газовый баллончик, газовый баллончик, газовый баллончик купить, оружие для самообороны, перцовый баллончик, средства защиты от нападения, средства самообороны, средства самообороны без лицензии, самый эффективный газовый баллончик";"Аэрозольный газовый баллончик Перцовка 25 мл. от ЗАО ""Техкрим""";pertsovka-25-ml;0.0000;0.0000;"22 г.";Аэрозольный;"CS полицейский ирритант в других странах (синтетическое вещество) Tcs: 0,41%; OC олеорезин капсикум 20% (экстракт натурального жгучего перца) Tc: 0,91%";"40 см.";"1,5 м.";"5 с (10 кратковременных нажатий)";-10…+50°С;http://pepper-vk.host.webasyst.com/wa-data/public/shop/products/19/00/19/images/82/82.970.jpg;http://pepper-vk.host.webasyst.com/wa-data/public/shop/products/19/00/19/images/83/83.970.jpg;;;;;;
Аэрозольно-струйные;;;;;;;;;;;;1;;;;;"Аэрозольно-струйные, Black 25, Black 65, газовый баллончик Black, Техкрим";"Газовые баллончики Black имеют Аэрозольно-струйный тип распыления. Это обеспечивает ветроустойчивость, увеличенную дальность для баллончиков 25 мл, а так же баллончики с таким типом распыления не требуют прицеливания.Аэрозольно-струйные газовые баллончики Black от ЗАО ""Техкрим"" - самые популярные на сегодняшний день баллончики.";aerozolno-struynye;;;;;;;;;;;;;;;;;
"Блэк 65 мл. со скобой извлекателем";;;RUB;397;1;0;0;;"Газовый баллончик Black объемом 65 мл. со скобой извлекателем, является наиболее универсальным решением, для ношения с собой. Аэрозольно-струйный тип распыления позволяет быть уверенным в попадании, при этом также обеспечивает высокую мощность залития. Объем в 65 мл удобно носить с собой, при этом можно быть уверенным, что состава хватит на двух и даже трех нападающих.";"<p><em style=""background-color: initial;"">Подумай о безопасности своих друзей - поделись с ними</em></p><p><em style=""background-color: initial;""></em>Газовый баллончик Black объемом 65 мл. со скобой извлекателем, является наиболее универсальным решением, для ношения с собой. Аэрозольно-струйный тип распыления позволяет быть уверенным в попадании, при этом также обеспечивает высокую мощность залития. Объем в 65 мл удобно носить с собой, при этом можно быть уверенным, что состава хватит на двух и даже трех нападающих.</p><p><img src=""/wa-data/public/shop/img/picture1_0_0-1.png""></p><p>Это смесевой газовый баллончик последнего поколения, с максимально разрешенной в РФ концентрацией двух крайне эффективных ирритантов – OC олеорезин капсикум 95% (экстракт натурального жгучего перца) 650 мг и CS полицейский ирритант в других странах (синтетическое вещество) 247 мг – каждый из ирритантов очень эффективен сам по себе, а вместе они обладают синергетическим эффектом.</p><iframe src=""//www.youtube.com/embed/B66sL46fbWk"" allowfullscreen="""" height=""174"" width=""278"" frameborder=""0""></iframe><p>Если Вы приобретаете газовый баллончик впервые и хотите выбрать «самый мощный и на все случаи жизни», то этот баллончик для Вас. Он крайне эффективен не только против людей (в т.ч. и под действием алкоголя/наркотиков), но также и против собак, за счет чрезвычайно высокой концентрации экстракта натурального жгучего перца (OC).&nbsp;</p><iframe src=""//www.youtube.com/embed/X4eUDRTNmPU"" allowfullscreen="""" height=""174"" width=""278"" frameborder=""0""></iframe><p>Именно этот баллончик находится на БД (боевом дежурстве) – т.е. носится с собой большинством сотрудников ЗАО «Техкрим»</p>";;1;"Обычный товар";;;"газовый баллончик Black 65 со скобой извлекателем";"Black 65 со скобой извлекателем, Black, Техкрим, газовый баллончик, перцовый баллончик, газовые баллончики, купить газовый баллончик, газовый баллончик, газовый баллончик купить, оружие для самообороны, перцовый баллончик, средства защиты от нападения, средства самообороны, средства самообороны без лицензии, самый эффективный газовый баллончик";"Аэрозольно-струйный газовый баллончик Black 65мл со скобой извлекателем от ЗАО ""Техкрим""";blek-65-ml-so-skoboy-izvlekatelem;0.0000;0.0000;"40 г.";"АC (аэрозольно-струйный)";"Смесевой: CS полицейский ирритант в других странах (синтетическое вещество)Tcs: 0,38%; OC олеорезин капсикум 95% (экстракт натурального жгучего перца)Tc: 1,0%";"40 см.";"2 м.";"3 с (6 кратковременных нажатий)";-10…+50°С;http://pepper-vk.host.webasyst.com/wa-data/public/shop/products/04/00/4/images/15/15.970.jpg;http://pepper-vk.host.webasyst.com/wa-data/public/shop/products/04/00/4/images/14/14.970.jpg;http://pepper-vk.host.webasyst.com/wa-data/public/shop/products/04/00/4/images/16/16.970.jpg;http://pepper-vk.host.webasyst.com/wa-data/public/shop/products/04/00/4/images/17/17.970.jpg;http://pepper-vk.host.webasyst.com/wa-data/public/shop/products/04/00/4/images/18/18.970.jpg;;;
"Black 25 мл.";;;RUB;350;1;0;0;;"Газовый баллончик Black объемом 25 мл, является крайне эффективным и компактным решением, для ношения с собой. Аэрозольно-струйный тип распыления позволяет быть уверенным в попадании, при этом, что важно обеспечивает высокую мощность залития. Объем в 25 мл удобно носить с собой, в т.ч. и в летней одежде, в кармане джинсов или дамской сумочке.";"<p><em style=""background-color: initial;"">Подумай о безопасности своих друзей - поделись с ними</em></p><p>Газовый баллончик Black объемом 25 мл, является крайне эффективным и компактным решением, для ношения с собой. Аэрозольно-струйный тип распыления позволяет быть уверенным в попадании, при этом, что важно обеспечивает высокую мощность залития. Объем в 25 мл удобно носить с собой, в т.ч. и в летней одежде, в кармане джинсов или дамской сумочке.</p><p><img src=""/wa-data/public/shop/img/picture1_0_0.png""></p><p>Это смесевой газовый баллончик последнего поколения, с максимально разрешенной в РФ концентрацией двух крайне эффективных ирритантов – <strong style=""background-color: initial;"">OC </strong>олеорезин капсикум <em style=""background-color: initial;"">95% </em>(<em style=""background-color: initial;"">экстракт натурального жгучего перца</em>) <strong style=""background-color: initial;"">250 мг</strong> и <strong style=""background-color: initial;"">CS </strong>полицейский ирритант в других странах (<em style=""background-color: initial;"">синтетическое вещество</em>) <strong style=""background-color: initial;"">207 мг</strong> – каждый из ирритантов очень эффективен сам по себе, а вместе они обладают синергетическим эффектом.</p><p>Посмотрите видео испытаний баллончика Black 25 мл. на человеке (испытания проводились добровольно).</p><iframe src=""//www.youtube.com/embed/UcnBZc7GFjY"" allowfullscreen="""" height=""174"" width=""278"" frameborder=""0""></iframe><p>Black 25 мл лабораторные испытания</p><iframe src=""//www.youtube.com/embed/83e8_4IG4Nc"" allowfullscreen="""" height=""174"" width=""278"" frameborder=""0""></iframe>";;1;"Обычный товар";;;"газовый баллончик Black 25";"Black 65, Black, Техкрим, газовый баллончик, перцовый баллончик, газовые баллончики, купить газовый баллончик, газовый баллончик, газовый баллончик купить, оружие для самообороны, перцовый баллончик, средства защиты от нападения, средства самообороны, средства самообороны без лицензии, самый эффективный газовый баллончик";"Аэрозольно-струйный газовый баллончик Black 25мл от ЗАО ""Техкрим""";black-25-ml;0.0000;0.0000;"18 г.";"АC (аэрозольно-струйный)";"Смесевой: CS полицейский ирритант в других странах (синтетическое вещество)Tcs: 0,38%; OC олеорезин капсикум 95% (экстракт натурального жгучего перца)Tc: 1,0%";"15 см";"2 м";"3 с (6 кратковременных нажатий)";-10…+50°С;http://pepper-vk.host.webasyst.com/wa-data/public/shop/products/03/00/3/images/12/12.970.jpg;http://pepper-vk.host.webasyst.com/wa-data/public/shop/products/03/00/3/images/11/11.970.jpg;http://pepper-vk.host.webasyst.com/wa-data/public/shop/products/03/00/3/images/13/13.970.jpg;;;;;
"Black 25 мл. Леди";;;RUB;360;1;0;0;;"Газовый баллончик Black объемом 25 мл, является крайне эффективным и компактным решением, для ношения с собой. Аэрозольно-струйный тип распыления позволяет быть уверенным в попадании, при этом, что важно обеспечивает высокую мощность залития. Объем в 25 мл удобно носить с собой, в т.ч. и в летней одежде, в кармане джинсов или дамской сумочке.";"<p>	<em>Подумай о безопасности своих друзей - поделись с ними</em>	<script type=""text/javascript"">(function(w,doc) {if (!w.__utlWdgt ) {    w.__utlWdgt = true;    var d = doc, s = d.createElement('script'), g = 'getElementsByTagName';    s.type = 'text/javascript'; s.charset='UTF-8'; s.async = true;    s.src = ('https:' == w.location.protocol ? 'https' : 'http')  + '://w.uptolike.com/widgets/v1/uptolike.js';    var h=d[g]('body')[0];    h.appendChild(s);}})(window,document);</script></p><div data-share-size=""20"" data-like-text-enable=""false"" data-background-alpha=""0.0"" data-pid=""1257576"" data-mode=""share"" data-background-color=""#ededed"" data-hover-effect=""scale"" data-share-shape=""round"" data-share-counter-size=""8"" data-icon-color=""#ffffff"" data-text-color=""#000000"" data-buttons-color=""#ff9300"" data-counter-background-color=""#ffffff"" data-share-counter-type=""disable"" data-orientation=""horizontal"" data-following-enable=""false"" data-sn-ids=""fb.tw.ok.vk.gp.mr."" data-selection-enable=""false"" data-exclude-show-more=""false"" data-share-style=""2"" data-counter-background-alpha=""1.0"" data-top-button=""false"" class=""uptolike-buttons""></div><p>Газовый баллончик Black объемом 25 мл, является крайне эффективным и компактным решением, для ношения с собой. Аэрозольно-струйный тип распыления позволяет быть уверенным в попадании, при этом, что важно обеспечивает высокую мощность залития. Объем в 25 мл удобно носить с собой, в т.ч. и в летней одежде, в кармане джинсов или дамской сумочке.</p><p>Баллончики Black крайне эффективны не только против людей (в т.ч. и под действием алкоголя/наркотиков), но также и против собак, за счет чрезвычайно высокой концентрации экстракта натурального жгучего перца (OC).</p><p>Посмотрите видео испытаний баллончика Black 25мл на человеке (испытания проводились добровольно).</p><iframe src=""//www.youtube.com/embed/ans_0FY-KLo"" allowfullscreen="""" height=""174"" width=""278"" frameborder=""0""></iframe><p>Black 25 мл лабораторные испытания</p><iframe src=""//www.youtube.com/embed/83e8_4IG4Nc"" allowfullscreen="""" height=""174"" width=""278"" frameborder=""0""></iframe>";;1;"Обычный товар";;;"газовый баллончик Black 25 мл. Леди";"Black 65, Black, Техкрим, газовый баллончик, перцовый баллончик, газовые баллончики, купить газовый баллончик, газовый баллончик, газовый баллончик купить, оружие для самообороны, перцовый баллончик, средства защиты от нападения, средства самообороны, средства самообороны без лицензии, самый эффективный газовый баллончик";"Аэрозольно-струйный газовый баллончик Black 65мл от ЗАО ""Техкрим""";black-25-ml-ledi;0.0000;0.0000;"18 г";"АC (аэрозольно-струйный)";"Смесевой: CS полицейский ирритант в других странах (синтетическое вещество)Tcs: 0,83%; OC олеорезин капсикум 95% (экстракт натурального жгучего перца)Tc: 1,0%";"15 см.";"2 м";"3 с (6 кратковременных нажатий)";-10…+50°С;http://pepper-vk.host.webasyst.com/wa-data/public/shop/products/02/00/2/images/6/6.970.jpg;http://pepper-vk.host.webasyst.com/wa-data/public/shop/products/02/00/2/images/7/7.970.jpg;http://pepper-vk.host.webasyst.com/wa-data/public/shop/products/02/00/2/images/8/8.970.jpg;http://pepper-vk.host.webasyst.com/wa-data/public/shop/products/02/00/2/images/9/9.970.jpg;http://pepper-vk.host.webasyst.com/wa-data/public/shop/products/02/00/2/images/10/10.970.jpg;;;
"Black 65мл";;;RUB;397;1;0;0;;"Газовый баллончик Black объемом 65 мл, является наиболее универсальным решением, для ношения с  собой. Аэрозольно-струйный тип распыления позволяет быть уверенным в  попадании, при этом также обеспечивает высокую мощность залития. Объем в  65 мл удобно носить с собой, при этом можно быть уверенным, что состава  хватит на двух и даже трех нападающих.";"<p>	<em>Подумай о безопасности своих друзей - поделись с ними</em>		<script type=""text/javascript"">(function(w,doc) {if (!w.__utlWdgt ) {    w.__utlWdgt = true;    var d = doc, s = d.createElement('script'), g = 'getElementsByTagName';    s.type = 'text/javascript'; s.charset='UTF-8'; s.async = true;    s.src = ('https:' == w.location.protocol ? 'https' : 'http')  + '://w.uptolike.com/widgets/v1/uptolike.js';    var h=d[g]('body')[0];    h.appendChild(s);}})(window,document);	</script></p><div data-share-size=""20"" data-like-text-enable=""false"" data-background-alpha=""0.0"" data-pid=""1257576"" data-mode=""share"" data-background-color=""#ededed"" data-hover-effect=""scale"" data-share-shape=""round"" data-share-counter-size=""8"" data-icon-color=""#ffffff"" data-text-color=""#000000"" data-buttons-color=""#ff9300"" data-counter-background-color=""#ffffff"" data-share-counter-type=""disable"" data-orientation=""horizontal"" data-following-enable=""false"" data-sn-ids=""fb.tw.ok.vk.gp.mr."" data-selection-enable=""false"" data-exclude-show-more=""false"" data-share-style=""2"" data-counter-background-alpha=""1.0"" data-top-button=""false"" class=""uptolike-buttons""></div><p>	Газовый баллончик Black объемом 65 мл, является наиболее универсальным решением, для ношения с&nbsp; собой. Аэрозольно-струйный тип распыления позволяет быть уверенным в&nbsp; попадании, при этом также обеспечивает высокую мощность залития. Объем в&nbsp; 65 мл удобно носить с собой, при этом можно быть уверенным, что состава&nbsp; хватит на двух и даже трех нападающих.</p><p>	<img alt="""" src=""http://pepper-spray.ru/sites/default/files/picture1_0_0.png"" unselectable=""on""></p><p>	Это смесевой газовый баллончик последнего&nbsp; поколения, с максимально разрешенной в РФ концентрацией двух крайне&nbsp; эффективных ирритантов –	<strong> OC</strong> олеорезин капсикум <strong>95%</strong> <em>(экстракт натурального жгучего перца</em>) <strong>650 мг</strong> и <strong>CS</strong> полицейский ирритант в других странах (<em>синтетическое вещество</em>) <strong>247 мг </strong>– каждый из ирритантов очень эффективен сам по себе, а вместе они обладают синергетическим эффектом.</p><iframe src=""//www.youtube.com/embed/X4eUDRTNmPU"" allowfullscreen="""" height=""281"" width=""500"" frameborder=""0""></iframe><p>	Если Вы приобретаете газовый баллончик впервые и&nbsp; хотите выбрать «самый мощный и на все случаи жизни», то этот баллончик&nbsp; для Вас. Он крайне эффективен не только против людей (в т.ч. и под&nbsp; действием алкоголя/наркотиков), но также и против собак, за счет&nbsp; чрезвычайно высокой концентрации экстракта натурального жгучего перца (	<strong>OC</strong>). Именно этот баллончик находится на БД (боевом дежурстве) – т.е. носится с собой большинством сотрудников ЗАО «Техкрим».</p><iframe src=""//www.youtube.com/embed/B66sL46fbWk"" allowfullscreen="""" height=""281"" width=""500"" frameborder=""0""></iframe><p>	Именно этот баллончик находится на БД (боевом дежурстве) – т.е. носится с собой большинством сотрудников ЗАО «Техкрим»</p>";;1;"Обычный товар";;;"газовый баллончик Black 65";"Black 65, Black, Техкрим, газовый баллончик, перцовый баллончик, газовые баллончики, купить газовый баллончик, газовый баллончик, газовый баллончик купить, оружие для самообороны, перцовый баллончик, средства защиты от нападения, средства самообороны, средства самообороны без лицензии, самый эффективный газовый баллончик";"Аэрозольно-струйный газовый баллончик Black 65 мл. от ЗАО ""Техкрим""";black-65ml;0.0000;0.0000;"40 г";"АC (аэрозольно-струйный)";"Смесевой: CS полицейский ирритант в других странах (синтетическое вещество)Tcs: 0,38%; OC олеорезин капсикум 95% (экстракт натурального жгучего перца)Tc: 1,0%";"40 см";"2 м";"3 с (6 кратковременных нажатий)";-10…+50°С;http://pepper-vk.host.webasyst.com/wa-data/public/shop/products/01/00/1/images/1/1.970.JPG;http://pepper-vk.host.webasyst.com/wa-data/public/shop/products/01/00/1/images/2/2.970.jpg;http://pepper-vk.host.webasyst.com/wa-data/public/shop/products/01/00/1/images/3/3.970.jpg;http://pepper-vk.host.webasyst.com/wa-data/public/shop/products/01/00/1/images/4/4.970.png;http://pepper-vk.host.webasyst.com/wa-data/public/shop/products/01/00/1/images/5/5.970.jpg;;;
Пенные;;;;;;;;;;;;1;;;;;"Дракон, Пенные газовый баллончики, пенный газвой баллончик, техкрим";"Пенные газовые баллоничики последнего поколения ДРАКОН могут эффективно применяться как на улице в ветренную погоду так и в помещении.";pennye;;;;;;;;;;;;;;;;;
"Дракон 100 мл.";;;RUB;490;1;0;0;;"Дракон выдает очень мощную струю и обильное залитие с одного и двух метров. Пенная шапка объемная и держится долго, хотя жидкости при распылении тоже много и лист мокрый насквозь. Смахнуть пену с лица и остаться сухим не получиться, т.е. поражение слизистых обеспечено.";"<p><em>Подумай о безопасности своих друзей - поделись с ними</em></p><p><img src=""/wa-data/public/shop/img/img_15082014_214107-2.png""></p><p>Дракон 100 выдает очень мощную струю и обильное залитие с одного и двух метров. Пенная шапка объемная и держится долго, хотя жидкости при распылении тоже много и лист мокрый насквозь. Смахнуть пену с лица и остаться сухим не получиться, т.е. поражение слизистых обеспечено.Предельная дистанция применения составляет порядка 2-х метров. Но это на улице! В помещении 3-4 метра легко, правда будет небольшое респираторное воздействие, так как в воздух, вместе со струей, выбрасывается облако взвеси и микрочастиц.  </p><p>Испытания баллончика</p><iframe src=""//www.youtube.com/embed/Gr4s1IN2ZbY"" allowfullscreen="""" height=""174"" width=""278"" frameborder=""0""></iframe>";;1;"Обычный товар";;;"газовый баллончик Дракон 100";"Дракон 100, Дракон, Техкрим, газовый баллончик, перцовый баллончик, газовые баллончики, купить газовый баллончик, газовый баллончик, газовый баллончик купить, оружие для самообороны, перцовый баллончик, средства защиты от нападения, средства самообороны, средства самообороны без лицензии, самый эффективный газовый баллончик";"Пенный газовый баллончик Дракон 100 мл. от ЗАО ""Техкрим""";drakon-100-ml;0.0000;0.0000;"78 г.";"СП (струйный пенный)";"OC олеорезин капсикум 95% (экстракт натурального жгучего перца) Tc: 0,31%";"14 см.";"3 м.";"8 с (16 кратковременных нажатий)";"-20 до +50";http://pepper-vk.host.webasyst.com/wa-data/public/shop/products/07/00/7/images/27/27.970.jpg;http://pepper-vk.host.webasyst.com/wa-data/public/shop/products/07/00/7/images/28/28.970.jpg;http://pepper-vk.host.webasyst.com/wa-data/public/shop/products/07/00/7/images/29/29.970.jpg;http://pepper-vk.host.webasyst.com/wa-data/public/shop/products/07/00/7/images/30/30.970.jpg;http://pepper-vk.host.webasyst.com/wa-data/public/shop/products/07/00/7/images/31/31.970.jpg;;;
"Дракон 650 мл.";;;RUB;2400;1;0;0;;"Дракон выдает очень мощную струю и обильное залитие с одного и двух метров. Пенная шапка объемная и держится долго, хотя жидкости при распылении тоже много и лист мокрый насквозь. Смахнуть пену с лица и остаться сухим не получиться, т.е. поражение слизистых обеспечено.";"<p><em>Подумай о безопасности своих друзей - поделись с ними</em></p><p><img src=""/wa-data/public/shop/img/img_15082014_214107-1.png""></p><p>Дракон 650 выдает очень мощную струю и обильное залитие с одного и двух метров. Пенная шапка объемная и держится долго, хотя жидкости при распылении тоже много и лист мокрый насквозь. Смахнуть пену с лица и остаться сухим не получиться, т.е. поражение слизистых обеспечено.Предельная дистанция применения составляет порядка 2-х метров. Но это на улице! В помещении 3-4 метра легко, правда будет небольшое респираторное воздействие, так как в воздух, вместе со струей, выбрасывается облако взвеси и микрочастиц. &nbsp;</p><p>Испытания баллончика</p><iframe src=""//www.youtube.com/embed/3M6FZWFZtJw"" allowfullscreen="""" height=""174"" width=""278"" frameborder=""0""></iframe>";;1;"Обычный товар";;;"газовый баллончик Дракон 650";"Дракон 650, Дракон, Техкрим, газовый баллончик, перцовый баллончик, газовые баллончики, купить газовый баллончик, газовый баллончик, газовый баллончик купить, оружие для самообороны, перцовый баллончик, средства защиты от нападения, средства самообороны, средства самообороны без лицензии, самый эффективный газовый баллончик";"Пенный газовый баллончик Дракон 650 мл. от ЗАО ""Техкрим""";drakon-650-ml;0.0000;0.0000;"455 г.";"СП (струйный пенный)";"OC олеорезин капсикум 95% (экстракт натурального жгучего перца) Tc: 0,21%";"17 см.";"4 м.";"16 с (32 кратковременных нажатий)";-20…+50°С;http://pepper-vk.host.webasyst.com/wa-data/public/shop/products/06/00/6/images/22/22.970.jpg;http://pepper-vk.host.webasyst.com/wa-data/public/shop/products/06/00/6/images/23/23.970.jpg;http://pepper-vk.host.webasyst.com/wa-data/public/shop/products/06/00/6/images/24/24.970.jpg;http://pepper-vk.host.webasyst.com/wa-data/public/shop/products/06/00/6/images/25/25.970.jpg;http://pepper-vk.host.webasyst.com/wa-data/public/shop/products/06/00/6/images/26/26.970.jpg;;;
"Дракон 65 мл.";;;RUB;440;1;0;0;;"Дракон выдает очень мощную струю и обильное залитие с одного и двух метров. Пенная шапка объемная и держится долго, хотя жидкости при распылении тоже много и лист мокрый насквозь. Смахнуть пену с лица и остаться сухим не получиться, т.е. поражение слизистых обеспечено.";"<p><em style=""background-color: initial;"">Подумай о безопасности своих друзей - поделись с ними</em></p><p><img src=""/wa-data/public/shop/img/img_15082014_214107.png""></p><p>Дракон 65 выдает очень мощную струю и обильное залитие с одного и двух метров. Пенная шапка объемная и держится долго, хотя жидкости при распылении тоже много и лист мокрый насквозь. Смахнуть пену с лица и остаться сухим не получиться, т.е. поражение слизистых обеспечено.Предельная дистанция применения составляет порядка 2-х метров. Но это на улице! В помещении 3-4 метра легко, правда будет небольшое респираторное воздействие, так как в воздух, вместе со струей, выбрасывается облако взвеси и микрочастиц. &nbsp;&nbsp;</p><p>Испытания баллончика</p><iframe src=""//www.youtube.com/embed/Gr4s1IN2ZbY"" allowfullscreen="""" height=""174"" width=""278"" frameborder=""0""></iframe>";;1;"Обычный товар";;;"газовый баллончик Дракон 65";"Дракон 65, Дракон, Техкрим, газовый баллончик, перцовый баллончик, газовые баллончики, купить газовый баллончик, газовый баллончик, газовый баллончик купить, оружие для самообороны, перцовый баллончик, средства защиты от нападения, средства самообороны, средства самообороны без лицензии, самый эффективный газовый баллончик";"Пенный газовый баллончик Дракон 65 мл. от ЗАО ""Техкрим""";drakon-65-ml;0.0000;0.0000;"50 г.";"СП (струйный пенный)";"OC олеорезин капсикум 95% (экстракт натурального жгучего перца) Tc: 0,31%";"14 см.";"3 м.";"5 с (10 кратковременных нажатий)";"-20 до +50";http://pepper-vk.host.webasyst.com/wa-data/public/shop/products/05/00/5/images/19/19.970.jpg;http://pepper-vk.host.webasyst.com/wa-data/public/shop/products/05/00/5/images/20/20.970.jpg;;;;;;
Гелевые;;;;;;;;;;;;1;;;;;"гелевый газовый баллончик, гелевый перцовый баллончик, техкрим";"Впервые на Российском рынке Гелевый газовый баллончик - работает из любого положения, подходит для применения в помещении";gelevye;;;;;;;;;;;;;;;;;
С360;;;RUB;463;1;0;0;;"Первый в России гелевый перцовый баллончик со струйным типом распыления! Работает в любом положении и под любым углом, и главное не обладает респираторным эффектом, что позволяет применять его в замкнутых помещениях (в подъезде, в лифте и пр.).";"<p><em style=""background-color: initial;"">Подумай о безопасности своих друзей - поделись с ними</em></p><p>Первый в России гелевый перцовый баллончик со струйным типом распыления! Работает в любом положении и под любым углом, и главное не обладает респираторным эффектом, что позволяет применять его в замкнутых помещениях (в подъезде, в лифте и пр.).Перцовый гелевый баллончик С360 объемом 100 мл является универсальным средством для квартиры (дома) и позволит Вам всегда чувствовать себя уверено.</p><p>Также за счет повышенной ветроустойчивости баллончик С360 можно эффективно применять на улице в любую погоду.</p><p>Испытания баллончика</p><iframe src=""//www.youtube.com/embed/yqtRweqzA4Y"" allowfullscreen="""" height=""174"" width=""278"" frameborder=""0""></iframe>";;1;"Обычный товар";;;"газовый баллончик С360";"С360, Гелевый, Техкрим, газовый баллончик, перцовый баллончик, газовые баллончики, купить газовый баллончик, газовый баллончик, газовый баллончик купить, оружие для самообороны, перцовый баллончик, средства защиты от нападения, средства самообороны, средства самообороны без лицензии, самый эффективный газовый баллончик";"Гелевый перцовый баллончик  С360 от ЗАО ""Техкрим""";s360;0.0000;0.0000;"50 г.";"СГ (струйный-гелевый)";"OC олеорезин капсикум 95% (экстракт натурального жгучего перца) Tc: 1,0%";"40 см.";"3 м.";"5 с (10 кратковременных нажатий)";"-20 до +50";http://pepper-vk.host.webasyst.com/wa-data/public/shop/products/08/00/8/images/32/32.970.jpg;http://pepper-vk.host.webasyst.com/wa-data/public/shop/products/08/00/8/images/33/33.970.jpg;http://pepper-vk.host.webasyst.com/wa-data/public/shop/products/08/00/8/images/34/34.970.jpg;http://pepper-vk.host.webasyst.com/wa-data/public/shop/products/08/00/8/images/35/35.970.jpg;http://pepper-vk.host.webasyst.com/wa-data/public/shop/products/08/00/8/images/36/36.970.jpg;http://pepper-vk.host.webasyst.com/wa-data/public/shop/products/08/00/8/images/37/37.970.jpg;;
Аэрозольные;;;;;;;;;;;;1;;;;;"Аэрозольный газовый баллончик, Аэрозольный перцовый баллончик, техкрим,";"Классические аэрозольные газовые баллончики хорошо подходят для применения на улице и не требуют прицеливания. Самая широкая линейка газовых баллончиков ЗАО ""Техкрим""";aerozolnye;;;;;;;;;;;;;;;;;
"Перец 11-А, 65 мл.";;;RUB;387;1;0;0;;"Газовый баллончик «Перец 11А» – это перцовый баллончик последнего поколения, который содержит максимально разрешенную в РФ концентрацию ирританта: OC олеорезин капсикум 95% (экстракт натурального жгучего перца).";"<p><em style=""background-color: initial;"">Подумай о безопасности своих друзей - поделись с ними</em></p><p>Газовый баллончик «Перец 11А» – это перцовый баллончик последнего поколения, который содержит максимально разрешенную в РФ концентрацию ирританта:<strong style=""background-color: initial;""> OC</strong> олеорезин капсикум<strong style=""background-color: initial;"">95%</strong> (<em style=""background-color: initial;"">экстракт натурального жгучего перца</em>).</p><p>«Перец 11А» – это аэрозольный газовый баллончик и обладает очень сильным респираторным эффектом. Этот баллончик прекрасно подходит как средство защиты от собак или как второй баллончик в кармане, который позволит защититься от большой группы нападающих сделав завесу. Перец-11А лучше не использовать в помещении.</p><iframe src=""//www.youtube.com/embed/AWWsDEKKh2w"" allowfullscreen="""" height=""174"" width=""278"" frameborder=""0""></iframe><p>Обзор новых баллончиков аэрозольного и аэрозольно-струйного типа распыления с максимальными концентрациями действующих веществ производства Техкрим.</p><iframe src=""//www.youtube.com/embed/Z33XkWDp498"" allowfullscreen="""" height=""174"" width=""278"" frameborder=""0""></iframe><p>К сожалению, криминальная ситуация на улицах наших городов не позволяет нам чувствовать себя в безопасности. Кроме того, может существовать опасность нападения бродячих животных. Для того чтобы уберечь себя и своих близких, нам приходится обращаться к средствам самообороны.</p>";;1;"Обычный товар";;;"газовый баллончик Перец 11-А, 65 мл.";"Перец 11-А, Перец 11-А, 65, Техкрим, газовый баллончик, перцовый баллончик, газовые баллончики, купить газовый баллончик, газовый баллончик, газовый баллончик купить, оружие для самообороны, перцовый баллончик, средства защиты от нападения, средства самообороны, средства самообороны без лицензии, самый эффективный газовый баллончик";"Аэрозольный газовый баллончик Перец 11-А, 65 мл. от ЗАО ""Техкрим""";perets-11-a-65-ml;0.0000;0.0000;"51 г.";Аэрозольный;"OC олеорезин капсикум 95% (экстракт натурального жгучего перца) Tc: 1,2%";"60 см.";"2 м.";"5 с (10 кратковременных нажатий)";;http://pepper-vk.host.webasyst.com/wa-data/public/shop/products/22/00/22/images/93/93.970.jpg;http://pepper-vk.host.webasyst.com/wa-data/public/shop/products/22/00/22/images/94/94.970.jpg;http://pepper-vk.host.webasyst.com/wa-data/public/shop/products/22/00/22/images/95/95.970.jpg;http://pepper-vk.host.webasyst.com/wa-data/public/shop/products/22/00/22/images/96/96.970.jpg;http://pepper-vk.host.webasyst.com/wa-data/public/shop/products/22/00/22/images/97/97.970.jpg;http://pepper-vk.host.webasyst.com/wa-data/public/shop/products/22/00/22/images/98/98.970.jpg;;
"Факел 100";;;RUB;415;1;0;0;;"Смесевой газовый баллончик «Факел» с аэрозольным типом распыления – это в некотором смысле шедевр среди аэрозольных газовых баллончиков. Большой объем баллончика при компактных размерах позволили обеспечить самую сильную струю по сравнению со всеми остальными баллончиками.";"<p><em>Подумай о безопасности своих друзей - поделись с ними</em></p><p>Смесевой газовый баллончик «Факел» с аэрозольным типом распыления – это в некотором смысле шедевр среди аэрозольных газовых баллончиков. Большой объем баллончика при компактных размерах позволили обеспечить самую сильную струю по сравнению со всеми остальными баллончиками.</p><p>У газового баллончика «Факел» малое время выхода всего содержимого – всего 3 секунды для баллончика 75 мл и всего 4 секунды баллончик 100 мл, но зато максимальный расход действующих веществ – 19,7г/сек – что обеспечивает максимальное залитие противников.</p><iframe src=""//www.youtube.com/embed/a3dKSF6DHOc"" allowfullscreen="""" height=""174"" width=""278"" frameborder=""0""></iframe><p>Факел 100 является очень хорошим решением для автомобиля или велосипеда.</p><iframe src=""//www.youtube.com/embed/bZyQfxdA-fA"" allowfullscreen="""" height=""174"" width=""278"" frameborder=""0""></iframe>";;1;"Обычный товар";;;"газовый баллончик Факел 100";"Факел 100, Факел, Техкрим, газовый баллончик, перцовый баллончик, газовые баллончики, купить газовый баллончик, газовый баллончик, газовый баллончик купить, оружие для самообороны, перцовый баллончик, средства защиты от нападения, средства самообороны, средства самообороны без лицензии, самый эффективный газовый баллончик";"Аэрозольный газовый баллончик Факел 100 мл. от ЗАО ""Техкрим""";fakel-100;0.0000;0.0000;"84 г.";Аэрозольный;"CS полицейский ирритант в других странах (синтетическое вещество) Tcs: 0,17%; OC олеорезин капсикум 20% (экстракт натурального жгучего перца) Tc: 0,24%";"65 см.";"3 м.";"4 с (8 кратковременных нажатий)";-10…+50°С;http://pepper-vk.host.webasyst.com/wa-data/public/shop/products/21/00/21/images/88/88.970.jpg;http://pepper-vk.host.webasyst.com/wa-data/public/shop/products/21/00/21/images/89/89.970.jpg;http://pepper-vk.host.webasyst.com/wa-data/public/shop/products/21/00/21/images/90/90.970.jpg;http://pepper-vk.host.webasyst.com/wa-data/public/shop/products/21/00/21/images/91/91.970.jpg;http://pepper-vk.host.webasyst.com/wa-data/public/shop/products/21/00/21/images/92/92.970.jpg;;;
"Факел 75";;;RUB;370;1;0;0;;"Смесевой газовый баллончик «Факел» с аэрозольным типом распыления – это в некотором смысле шедевр среди аэрозольных газовых баллончиков. Большой объем баллончика при компактных размерах позволили обеспечить самую сильную струю по сравнению со всеми остальными баллончиками.";"<p><em style=""background-color: initial;"">Подумай о безопасности своих друзей - поделись с ними</em></p><p>Смесевой газовый баллончик «Факел» с аэрозольным типом распыления – это в некотором смысле шедевр среди аэрозольных газовых баллончиков. Большой объем баллончика при компактных размерах позволили обеспечить самую сильную струю по сравнению со всеми остальными баллончиками.</p><p>У газового баллончика «Факел» малое время выхода всего содержимого – всего 3 секунды для баллончика 75 мл и всего 4 секунды баллончик 100 мл, но зато максимальный расход действующих веществ – 19,7г/сек – что обеспечивает максимальное залитие противников.</p><iframe src=""//www.youtube.com/embed/67sTPiaMRBE"" allowfullscreen="""" height=""174"" width=""278"" frameborder=""0""></iframe><p>Баллончики серии «Факел» на сегодняшний день обладают самой мощной струей среди всех компактных газовых баллончиков как РФ, так и за рубежом. Факел 75 очень хорошо подходит как второй бэкапный баллончик для ношения с собой (в зимней одежде или сумке).</p><iframe src=""//www.youtube.com/embed/bZyQfxdA-fA"" allowfullscreen="""" height=""174"" width=""278"" frameborder=""0""></iframe>";;1;"Обычный товар";;;"газовый баллончик Факел 75";"Факел 75, Факел, Техкрим, газовый баллончик, перцовый баллончик, газовые баллончики, купить газовый баллончик, газовый баллончик, газовый баллончик купить, оружие для самообороны, перцовый баллончик, средства защиты от нападения, средства самообороны, средства самообороны без лицензии, самый эффективный газовый баллончик";"Аэрозольный газовый баллончик Факел 75 мл. от ЗАО ""Техкрим""";fakel-75;0.0000;0.0000;"59 г.";Аэрозольный;"CS полицейский ирритант в других странах (синтетическое вещество) Tcs: 0,24%; OC олеорезин капсикум 20% (экстракт натурального жгучего перца) Tc: 0,34%";"65 см.";"3 м.";"3 с (6 кратковременных нажатий)";-10…+50°С;http://pepper-vk.host.webasyst.com/wa-data/public/shop/products/20/00/20/images/84/84.970.jpg;http://pepper-vk.host.webasyst.com/wa-data/public/shop/products/20/00/20/images/85/85.970.jpg;http://pepper-vk.host.webasyst.com/wa-data/public/shop/products/20/00/20/images/86/86.970.jpg;http://pepper-vk.host.webasyst.com/wa-data/public/shop/products/20/00/20/images/87/87.970.jpg;;;;
"Перцовка 65 мл.";;;RUB;345;1;0;0;;"Газовый баллончик «Перцовка» – это смесевой газовый баллончик, который содержит два действующих ирританта: OC олеорезин капсикум 20% (экстракт натурального жгучего перца) и CS полицейский ирритант в других странах (синтетическое вещество). Баллончики «Перцовка» имеют аэрозольный тип распыления.";"<p><em style=""background-color: initial;"">Подумай о безопасности своих друзей - поделись с ними</em></p><p>Газовый баллончик «Перцовка» – это смесевой газовый баллончик, который содержит два действующих ирританта: <strong style=""background-color: initial;"">OC</strong> олеорезин капсикум<strong style=""background-color: initial;"">20% </strong>(<em style=""background-color: initial;"">экстракт натурального жгучего перца</em>) и <strong style=""background-color: initial;"">CS </strong>полицейский ирритант в других странах (<em style=""background-color: initial;"">синтетическое вещество</em>). Баллончики «Перцовка» имеют аэрозольный тип распыления.</p><p>Баллончики «Перцовка» – это баллончики предпоследнего поколения – они занимают «среднее» место по стоимости и эффективности в линейке баллончиков ЗАО «Техкрим»: «Перцовка» конечно эффективнее <a href=""http://pepper.glyanec.net/cans/zhguchiy-perchik-65-ml"">«Жгучего перчика»</a>, но баллончики последнего поколения, такие как <a href=""http://pepper.glyanec.net/cans/black-65-ml"">""Black""</a> или <a href=""http://pepper.glyanec.net/cans/shpaga-65-ml"">""Шпага""</a>, конечно эффективнее «Перцовки».</p><iframe src=""//www.youtube.com/embed/wqUevB7hVRU"" allowfullscreen="""" height=""174"" width=""278"" frameborder=""0""></iframe><p>Газовые баллончики «Перцовка» очень востребованы и часто покупаются сотрудниками ЧОПов и частными охранниками, как недорогое эффективное средство.</p><iframe src=""//www.youtube.com/embed/bZyQfxdA-fA"" allowfullscreen="""" height=""174"" width=""278"" frameborder=""0""></iframe>";;1;"Обычный товар";;;"газовый баллончик Перцовка 65 мл.";"Перцовка 65, Перцовка, Техкрим, газовый баллончик, перцовый баллончик, газовые баллончики, купить газовый баллончик, газовый баллончик, газовый баллончик купить, оружие для самообороны, перцовый баллончик, средства защиты от нападения, средства самообороны, средства самообороны без лицензии, самый эффективный газовый баллончик";"Аэрозольный газовый баллончик Перцовка 65 мл. от ЗАО ""Техкрим""";pertsovka-65-ml;0.0000;0.0000;"51 г.";Аэрозольный;"CS полицейский ирритант в других странах (синтетическое вещество) Tcs: 0,28%; OC олеорезин капсикум 20% (экстракт натурального жгучего перца) Tc: 0,39%";"60 см.";"2 м.";"5 с (10 кратковременных нажатий)";-10…+50°С;http://pepper-vk.host.webasyst.com/wa-data/public/shop/products/18/00/18/images/78/78.970.jpg;http://pepper-vk.host.webasyst.com/wa-data/public/shop/products/18/00/18/images/80/80.970.jpg;http://pepper-vk.host.webasyst.com/wa-data/public/shop/products/18/00/18/images/81/81.970.jpg;;;;;
"Жгучий перчик 65 мл.";;;RUB;299;1;0;0;;"Газовые баллончики «Жгучий перчик» являются самыми недорогими в представленной линейке баллончиков ЗАО «Техкрим». Баллончики «Жгучий перчик» имеют аэрозольный тип распыления и содержат только один действующий ирритант – OC олеорезин капсикум 20% (экстракт натурального жгучего перца).";"<p><em style=""background-color: initial;"">Подумай о безопасности своих друзей - поделись с ними</em></p><p>Газовые баллончики «Жгучий перчик» являются самыми недорогими в представленной линейке баллончиков ЗАО «Техкрим». Баллончики «Жгучий перчик» имеют аэрозольный тип распыления и содержат только один действующий ирритант –<strong> OC</strong> олеорезин капсикум 20% (<em>экстракт натурального жгучего перца</em>).</p><p>При этом, не взирая на недорогую цену, и не самую высокую концентрацию действующего вещества, газовые баллончики «Жгучий перчик» могут эффективно применяться как по людям так и по собакам. Это решение может подойти тем, кто ограничен в средствах, но все равно хочет обладать средством самообороны, которое позволит спасти свою жизнь или здоровье.</p>";;1;"Обычный товар";;;"газовый баллончик Жгучий перчик 65 мл";"Жгучий перчик 65, Жгучий перчик, Техкрим, газовый баллончик, перцовый баллончик, газовые баллончики, купить газовый баллончик, газовый баллончик, газовый баллончик купить, оружие для самообороны, перцовый баллончик, средства защиты от нападения, средства самообороны, средства самообороны без лицензии, самый эффективный газовый баллончик";"Аэрозольный газовый баллончик Жгучий перчик 65 мл. от ЗАО ""Техкрим""";zhguchiy-perchik-65-ml;0.0000;0.0000;"22 г";Аэрозольный;"OC олеорезин капсикум 20% (экстракт натурального жгучего перца) Tc: 0,91";"40 см.";"1,5 м.";"5 с (10 кратковременных нажатий)";-10…+50°С;http://pepper-vk.host.webasyst.com/wa-data/public/shop/products/17/00/17/images/76/76.970.jpg;http://pepper-vk.host.webasyst.com/wa-data/public/shop/products/17/00/17/images/77/77.970.jpg;;;;;;
"Жгучий перчик 25 мл.";;;RUB;250;1;0;0;;"Газовые баллончики «Жгучий перчик» являются самыми недорогими в представленной линейке баллончиков ЗАО «Техкрим». Баллончики «Жгучий перчик» имеют аэрозольный тип распыления и содержат только один действующий ирритант – OC олеорезин капсикум 20% (экстракт натурального жгучего перца).";"<p><em style=""background-color: initial;"">Подумай о безопасности своих друзей - поделись с ними</em></p><p>Газовые баллончики «Жгучий перчик» являются самыми недорогими в представленной линейке баллончиков ЗАО «Техкрим». Баллончики «Жгучий перчик» имеют аэрозольный тип распыления и содержат только один действующий ирритант –<strong style=""background-color: initial;""> OC</strong> олеорезин капсикум 20% (<em style=""background-color: initial;"">экстракт натурального жгучего перца</em>).</p><p>При этом, не взирая на недорогую цену, и не самую высокую концентрацию действующего вещества, газовые баллончики «Жгучий перчик» могут эффективно применяться как по людям так и по собакам. Это решение может подойти тем, кто ограничен в средствах, но все равно хочет обладать средством самообороны, которое позволит спасти свою жизнь или здоровье.</p>";;1;"Обычный товар";;;"газовый баллончик Жгучий перчик 25 мл";"Жгучий перчик 25, Жгучий перчик, Техкрим, газовый баллончик, перцовый баллончик, газовые баллончики, купить газовый баллончик, газовый баллончик, газовый баллончик купить, оружие для самообороны, перцовый баллончик, средства защиты от нападения, средства самообороны, средства самообороны без лицензии, самый эффективный газовый баллончик";"Аэрозольный газовый баллончик Жгучий перчик 25 мл. от ЗАО ""Техкрим""";zhguchiy-perchik-25-ml;0.0000;0.0000;"22 г.";Аэрозольный;"OC олеорезин капсикум 20% (экстракт натурального жгучего перца) Tc: 0,91";"40 см.";"1,5 м.";"5 с (10 кратковременных нажатий)";-10…+50°С;http://pepper-vk.host.webasyst.com/wa-data/public/shop/products/16/00/16/images/74/74.970.jpg;http://pepper-vk.host.webasyst.com/wa-data/public/shop/products/16/00/16/images/75/75.970.jpg;;;;;;
Струйные;;;;;;;;;;;;1;;;;;"струйный газовый баллончик, струйный баллончик, шпага, перцовый струй,";"Струйные газовые баллончики последнего поколения обладают повышенной дальностью и ветроустойчивостью";struynye;;;;;;;;;;;;;;;;;
"Перцовый струй, 65 мл.";;;RUB;645;1;0;0;;"Газовый баллончик Перцовый струй со светодиодным фонариком и специальной крышкой «Торнадо». Это струйный газовый баллончик с 325 мг. OC олеорезин капсикум 20% (экстракт натурального жгучего перца).";"<p><em style=""background-color: initial;"">Подумай о безопасности своих друзей - поделись с ними</em></p><p>Газовый баллончик Перцовый струй со светодиодным фонариком и специальной крышкой «Торнадо». Это струйный газовый баллончик с 325 мг. <strong style=""background-color: initial;"">OC</strong> олеорезин капсикум 20% (<em style=""background-color: initial;"">экстракт натурального жгучего перца</em>). За последние пару лет эксплуатации баллончик «Перцовый струй» великолепно зарекомендовал себя как высокоэффективный и востребованный струйный баллончик.</p><iframe width=""278"" height=""174"" src=""//www.youtube.com/embed/gvKBqTpGKr4"" frameborder=""0"" allowfullscreen=""""></iframe><p>Для струйных баллончиков характерна более высокая дальность применения, а также возможность пользоваться баллончиком в помещении. Наличие светодиода в крышке баллончика позволяет использовать баллончик как фонарик, в подъезде, на неосвещаемой улице и других темных местах, которые наиболее часто и являются местами нападений. Качество и востребованность данных баллончиков подтверждаются высоким спросом на них.</p><iframe width=""278"" height=""174"" src=""//www.youtube.com/embed/bZyQfxdA-fA"" frameborder=""0"" allowfullscreen=""""></iframe><p>На сегодняшний день ЗАО «Техкрим» разработало и выпускает новое поколение газовых баллончиков – качественно отличающихся по своей эффективности и характеристикам от ранее известных и востребованных моделей.</p><iframe width=""278"" height=""174"" src=""//www.youtube.com/embed/dsglVFNSLg8"" frameborder=""0"" allowfullscreen=""""></iframe>";;1;"Обычный товар";;;"газовый баллончик Перцовый струй  65 мл.";"Перцовый струй 65, Перцовый струй стандарт, Техкрим, газовый баллончик, перцовый баллончик, газовые баллончики, купить газовый баллончик, газовый баллончик, газовый баллончик купить, оружие для самообороны, перцовый баллончик, средства защиты от нападения, средства самообороны, средства самообороны без лицензии, самый эффективный газовый баллончик";"Струйный газовый баллончик Перцовый струй 65 мл. от ЗАО ""Техкрим""";pertsovyy-struy-65-ml;0.0000;0.0000;"40 г.";Струйный;"OC олеорезин капсикум 20% (экстракт натурального жгучего перца) Tc: 0,5%";"7 см.";"3 м.";"4 с (8 кратковременных нажатий)";"-20 до +50";http://pepper-vk.host.webasyst.com/wa-data/public/shop/products/12/00/12/images/53/53.970.jpg;http://pepper-vk.host.webasyst.com/wa-data/public/shop/products/12/00/12/images/54/54.970.jpg;http://pepper-vk.host.webasyst.com/wa-data/public/shop/products/12/00/12/images/55/55.970.jpg;http://pepper-vk.host.webasyst.com/wa-data/public/shop/products/12/00/12/images/56/56.970.jpg;http://pepper-vk.host.webasyst.com/wa-data/public/shop/products/12/00/12/images/57/57.970.jpg;;;
"Перцовый струй Стандарт, 65 мл.";;;RUB;330;1;0;0;;"Газовый баллончик «Перцовый струй стандарт» это полный аналог баллончика «Перцовый струй», только без светодиодного фонарика. Это струйный газовый баллончик с 325 мг. OC олеорезин капсикум 20% (экстракт натурального жгучего перца).";"<p><em style=""background-color: initial;"">Подумай о безопасности своих друзей - поделись с ними</em></p><p>Газовый баллончик «Перцовый струй стандарт» это полный аналог баллончика <a href=""http://pepper.glyanec.net/cans/percovyy-struy-65-ml"" style=""font-size: 14px; background-color: initial;"">«Перцовый струй»</a>, только без светодиодного фонарика. Это струйный газовый баллончик с 325 мг. OC олеорезин капсикум 20% (экстракт натурального жгучего перца).</p><p>Последние пару лет баллончики <a href=""http://pepper.glyanec.net/cans/percovyy-struy-65-ml"" style=""font-size: 14px; background-color: initial;"">«Перцовый струй»</a> и «Перцовый струй стандарт» были самыми эффективными струйными газовыми баллончиками. Так было до появления нового смесевого струйного баллончика последнего поколения <a href=""http://pepper.glyanec.net/cans/shpaga-65-ml"" style=""font-size: 14px; background-color: initial;"">«Шпага»</a>. При этом баллончики серии «Перцовый струй» до сих пор остаются эффективным и востребованным средством самообороны и защиты от собак.</p><p>Испытания баллончика</p><iframe width=""278"" height=""174"" src=""//www.youtube.com/embed/gvKBqTpGKr4"" frameborder=""0"" allowfullscreen=""""></iframe><iframe width=""278"" height=""174"" src=""//www.youtube.com/embed/bZyQfxdA-fA"" frameborder=""0"" allowfullscreen=""""></iframe><p>На сегодняшний день ЗАО «Техкрим» разработало и выпускает новое поколение газовых баллончиков – качественно отличающихся по своей эффективности и характеристикам от ранее известных и востребованных моделей.</p><iframe width=""278"" height=""174"" src=""//www.youtube.com/embed/dsglVFNSLg8"" frameborder=""0"" allowfullscreen=""""></iframe>";;1;"Обычный товар";;;"газовый баллончик Перцовый струй стандарт 65 мл.";"Перцовый струй стандарт 65, Перцовый струй стандарт, Техкрим, газовый баллончик, перцовый баллончик, газовые баллончики, купить газовый баллончик, газовый баллончик, газовый баллончик купить, оружие для самообороны, перцовый баллончик, средства защиты от нападения, средства самообороны, средства самообороны без лицензии, самый эффективный газовый баллончик";"Струйный газовый баллончик Перцовый струй стандарт 65 мл. от ЗАО ""Техкрим""";pertsovyy-struy-standart-65-ml;0.0000;0.0000;"40 г.";Струйный;"OC олеорезин капсикум 20% (экстракт натурального жгучего перца) Tc: 0,5%";"7 см.";"3 м.";"4 с (8 кратковременных нажатий)";-40…+50°С;http://pepper-vk.host.webasyst.com/wa-data/public/shop/products/11/00/11/images/50/50.970.jpg;http://pepper-vk.host.webasyst.com/wa-data/public/shop/products/11/00/11/images/51/51.970.jpg;;;;;;
"Шпага 65 мл.";;;RUB;374;1;0;0;;"Газовый баллончик ""Шпага"" объемом  65 мл, снаряжен смесью слезоточивых раздражающих веществ OC олеорезин капсикум 95% (экстракт натурального жгучего перца) Tc: 1,0% и CS полицейский ирритант в других странах (синтетическое вещество) Tcs: 0,39%";"<p><em style=""background-color: initial;"">Подумай о безопасности своих друзей - поделись с ними</em></p><p>Газовый баллончик ""Шпага"" объемом 65 мл и 100 мл, снаряжен смесью слезоточивых раздражающих веществ OC олеорезин капсикум 95% (экстракт натурального жгучего перца) Tc: 1,0% и CS полицейский ирритант в других странах (синтетическое вещество) Tcs: 0,39%</p><h3>Испытания баллончика</h3><iframe src=""//www.youtube.com/embed/4S6FOSUI0jE"" allowfullscreen="""" height=""174"" width=""278"" frameborder=""0""></iframe><iframe src=""//www.youtube.com/embed/armfYonLl0w"" allowfullscreen="""" height=""174"" width=""278"" frameborder=""0""></iframe>";;1;"Обычный товар";;;"газовый баллончик Шпага 65";"Шпага 65, Шпага, Техкрим, газовый баллончик, перцовый баллончик, газовые баллончики, купить газовый баллончик, газовый баллончик, газовый баллончик купить, оружие для самообороны, перцовый баллончик, средства защиты от нападения, средства самообороны, средства самообороны без лицензии, самый эффективный газовый баллончик";"Струйный газовый баллончик Шпага 100 мл. от ЗАО ""Техкрим""";shpaga-65-ml;0.0000;0.0000;"40 г,";Струйный;"CS полицейский ирритант в других странах (синтетическое вещество) Tcs: 0,38%; OC олеорезин капсикум 95% (экстракт натурального жгучего перца) Tc: 1,0%";"14 см.";"3 м.";"4 с (8 кратковременных нажатий)";-20…+50°С;http://pepper-vk.host.webasyst.com/wa-data/public/shop/products/10/00/10/images/44/44.970.jpg;http://pepper-vk.host.webasyst.com/wa-data/public/shop/products/10/00/10/images/45/45.970.jpg;http://pepper-vk.host.webasyst.com/wa-data/public/shop/products/10/00/10/images/46/46.970.jpg;http://pepper-vk.host.webasyst.com/wa-data/public/shop/products/10/00/10/images/47/47.970.jpg;http://pepper-vk.host.webasyst.com/wa-data/public/shop/products/10/00/10/images/48/48.970.jpg;http://pepper-vk.host.webasyst.com/wa-data/public/shop/products/10/00/10/images/49/49.970.jpg;;
"Шпага 100 мл.";;;RUB;448;1;0;0;;"Газовый баллончик ""Шпага"" объемом  100 мл, снаряжен смесью слезоточивых раздражающих веществ OC олеорезин капсикум 95% (экстракт натурального жгучего перца) Tc: 1,0% и CS полицейский ирритант в других странах (синтетическое вещество) Tcs: 0,39%";"<p><em>Подумай о безопасности своих друзей - поделись с ними</em></p><p>Газовый баллончик ""Шпага"" объемом 65 мл и 100 мл, снаряжен смесью слезоточивых раздражающих веществ OC олеорезин капсикум 95% (экстракт натурального жгучего перца) Tc: 1,0% и CS полицейский ирритант в других странах (синтетическое вещество) Tcs: 0,39%</p><h3>Испытания баллончика</h3><iframe src=""//www.youtube.com/embed/HSdhUgIdgew"" allowfullscreen="""" height=""174"" width=""278"" frameborder=""0""></iframe><iframe src=""//www.youtube.com/embed/4S6FOSUI0jE"" allowfullscreen="""" height=""174"" width=""278"" frameborder=""0""></iframe><p>На сегодняшний день ЗАО «Техкрим» разработало и выпускает новое поколение газовых баллончиков – качественно отличающихся по своей эффективности и характеристикам от ранее известных и востребованных моделей.</p>";;1;"Обычный товар";;;"газовый баллончик Шпага 100";"Шпага 100, Шпага, Техкрим, газовый баллончик, перцовый баллончик, газовые баллончики, купить газовый баллончик, газовый баллончик, газовый баллончик купить, оружие для самообороны, перцовый баллончик, средства защиты от нападения, средства самообороны, средства самообороны без лицензии, самый эффективный газовый баллончик";"Струйный газовый баллончик Шпага 100 мл. от ЗАО ""Техкрим""";shpaga-100-ml;0.0000;0.0000;"65 г.";Струйный;"CS полицейский ирритант в других странах (синтетическое вещество) Tcs: 0,23%; OC олеорезин капсикум 95% (экстракт натурального жгучего перца) Tc: 1,0%";"15 см";"3 м.";"6 с (12 кратковременных нажатий)";"-20 до +50";http://pepper-vk.host.webasyst.com/wa-data/public/shop/products/09/00/9/images/38/38.970.jpg;http://pepper-vk.host.webasyst.com/wa-data/public/shop/products/09/00/9/images/39/39.970.jpg;http://pepper-vk.host.webasyst.com/wa-data/public/shop/products/09/00/9/images/40/40.970.jpg;http://pepper-vk.host.webasyst.com/wa-data/public/shop/products/09/00/9/images/41/41.970.jpg;http://pepper-vk.host.webasyst.com/wa-data/public/shop/products/09/00/9/images/42/42.970.jpg;http://pepper-vk.host.webasyst.com/wa-data/public/shop/products/09/00/9/images/43/43.970.jpg;;
Учебные;;;;;;;;;;;;1;;;;;;;uchebnye;;;;;;;;;;;;;;;;;
"Чехол для ношения";;;RUB;160;1;0;0;;"Чехол для ношения";"<p>Наиболее удобный чехол для ношения газового баллончика - позволяет носить баллончик на поясе, крепить на велосипеде или удобно носить в кармане с дополнительной защитой от случайного нажатия - стоит копейки - многоразовый ;)</p><iframe src=""//www.youtube.com/embed/JukSbReNjP8"" allowfullscreen="""" height=""174"" width=""278"" frameborder=""0""></iframe>";;1;"Обычный товар";;;"Чехол для ношения";"Чехол для ношения, Техкрим, газовый баллончик, перцовый баллончик, газовые баллончики, купить газовый баллончик, газовый баллончик, газовый баллончик купить, оружие для самообороны, перцовый баллончик, средства защиты от нападения, средства самообороны, средства самообороны без лицензии, самый эффективный газовый баллончик";"Чехол для ношения газового баллончика от ЗАО ""Техкрим""";chekhol-dlya-nosheniya;0.0000;0.0000;;;;;;;;http://pepper-vk.host.webasyst.com/wa-data/public/shop/products/15/00/15/images/66/66.970.jpg;http://pepper-vk.host.webasyst.com/wa-data/public/shop/products/15/00/15/images/67/67.970.jpg;http://pepper-vk.host.webasyst.com/wa-data/public/shop/products/15/00/15/images/68/68.970.jpg;http://pepper-vk.host.webasyst.com/wa-data/public/shop/products/15/00/15/images/69/69.970.jpg;http://pepper-vk.host.webasyst.com/wa-data/public/shop/products/15/00/15/images/70/70.970.jpg;http://pepper-vk.host.webasyst.com/wa-data/public/shop/products/15/00/15/images/71/71.970.jpg;http://pepper-vk.host.webasyst.com/wa-data/public/shop/products/15/00/15/images/72/72.970.jpg;http://pepper-vk.host.webasyst.com/wa-data/public/shop/products/15/00/15/images/73/73.970.jpg
"Учебный аэрозольный";;;RUB;198;1;0;0;;"Учебный аэрозольный";"<p>	<em>Подумай о безопасности своих друзей - поделись с ними</em>	<script type=""text/javascript"">(function(w,doc) {if (!w.__utlWdgt ) {    w.__utlWdgt = true;    var d = doc, s = d.createElement('script'), g = 'getElementsByTagName';    s.type = 'text/javascript'; s.charset='UTF-8'; s.async = true;    s.src = ('https:' == w.location.protocol ? 'https' : 'http')  + '://w.uptolike.com/widgets/v1/uptolike.js';    var h=d[g]('body')[0];    h.appendChild(s);}})(window,document);	</script></p><div data-share-size=""20"" data-like-text-enable=""false"" data-background-alpha=""0.0"" data-pid=""1257576"" data-mode=""share"" data-background-color=""#ededed"" data-hover-effect=""scale"" data-share-shape=""round"" data-share-counter-size=""8"" data-icon-color=""#ffffff"" data-text-color=""#000000"" data-buttons-color=""#ff9300"" data-counter-background-color=""#ffffff"" data-share-counter-type=""disable"" data-orientation=""horizontal"" data-following-enable=""false"" data-sn-ids=""fb.tw.ok.vk.gp.mr."" data-selection-enable=""false"" data-exclude-show-more=""false"" data-share-style=""2"" data-counter-background-alpha=""1.0"" data-top-button=""false"" class=""uptolike-buttons""></div><p>	Учебный газовый баллончик необходим для освоения навыка. Для того чтобы в боевой ситуации действовать верно и уверенно необходимо потренироваться - учебный баллончик стоит дешевле и не содержит отравляющих веществ.</p>";;1;"Обычный товар";;;"Учебный аэрозольный";"Учебный аэрозольный, Техкрим, газовый баллончик, перцовый баллончик, газовые баллончики, купить газовый баллончик, газовый баллончик, газовый баллончик купить, оружие для самообороны, перцовый баллончик, средства защиты от нападения, средства самообороны, средства самообороны без лицензии, самый эффективный газовый баллончик";"Учебный аэрозольный баллончик от ЗАО ""Техкрим""";uchebnyy-aerozolnyy;0.0000;0.0000;"60 мл.";Аэрозольный;;;;;;http://pepper-vk.host.webasyst.com/wa-data/public/shop/products/14/00/14/images/61/61.970.jpg;http://pepper-vk.host.webasyst.com/wa-data/public/shop/products/14/00/14/images/62/62.970.jpg;http://pepper-vk.host.webasyst.com/wa-data/public/shop/products/14/00/14/images/63/63.970.jpg;;;;;
"Учебный струйный";;;RUB;198;1;0;0;;"Учебный струйный";"<p>	<em>Подумай о безопасности своих друзей - поделись с ними</em>	<script type=""text/javascript"">(function(w,doc) {if (!w.__utlWdgt ) {    w.__utlWdgt = true;    var d = doc, s = d.createElement('script'), g = 'getElementsByTagName';    s.type = 'text/javascript'; s.charset='UTF-8'; s.async = true;    s.src = ('https:' == w.location.protocol ? 'https' : 'http')  + '://w.uptolike.com/widgets/v1/uptolike.js';    var h=d[g]('body')[0];    h.appendChild(s);}})(window,document);	</script></p><div data-share-size=""20"" data-like-text-enable=""false"" data-background-alpha=""0.0"" data-pid=""1257576"" data-mode=""share"" data-background-color=""#ededed"" data-hover-effect=""scale"" data-share-shape=""round"" data-share-counter-size=""8"" data-icon-color=""#ffffff"" data-text-color=""#000000"" data-buttons-color=""#ff9300"" data-counter-background-color=""#ffffff"" data-share-counter-type=""disable"" data-orientation=""horizontal"" data-following-enable=""false"" data-sn-ids=""fb.tw.ok.vk.gp.mr."" data-selection-enable=""false"" data-exclude-show-more=""false"" data-share-style=""2"" data-counter-background-alpha=""1.0"" data-top-button=""false"" class=""uptolike-buttons""></div><p>	Учебный газовый баллончик необходим для освоения навыка. Для того чтобы в боевой ситуации действовать верно и уверенно необходимо потренироваться - учебный баллончик стоит дешевле и не содержит отравляющих веществ.</p>";;1;"Обычный товар";;;"Учебный струйный";"Учебный струйный, Техкрим, газовый баллончик, перцовый баллончик, газовые баллончики, купить газовый баллончик, газовый баллончик, газовый баллончик купить, оружие для самообороны, перцовый баллончик, средства защиты от нападения, средства самообороны, средства самообороны без лицензии, самый эффективный газовый баллончик";"Учебный струйный баллончик от ЗАО ""Техкрим""";uchebnyy-struynyy;0.0000;0.0000;"60 мл.";Струйный;;;;;;http://pepper-vk.host.webasyst.com/wa-data/public/shop/products/13/00/13/images/58/58.970.jpg;http://pepper-vk.host.webasyst.com/wa-data/public/shop/products/13/00/13/images/59/59.970.jpg;http://pepper-vk.host.webasyst.com/wa-data/public/shop/products/13/00/13/images/60/60.970.jpg;;;;;
"Готовые наборы со скидкой";;;;;;;;;;;;1;;;;;;;gotovye-nabory-so-skidkoy;;;;;;;;;;;;;;;;;
"Комплект ""Подарочный для девушки""";;;RUB;1347;1;0;0;;"Комплект ""Подарочный для девушки""";"<p>В комплект входят:</p><table><tbody><tr><td>Black 25 ml Lady</td><td>2 шт</td><td>700 р.</td></tr><tr><td>Факел 75</td><td>1 шт</td><td>370 р.</td></tr><tr><td>Учебный аэрозольный</td><td>1 шт</td><td>198 р.</td></tr><tr><td>Чехол для ношения</td><td>1 шт</td><td>160 р.</td></tr></tbody></table><ul> <li>Сумма: 1448 р.</li><li>Скидка 7%</li><li>Экономия 101 р.</li></ul>";;1;"Обычный товар";;;"Комплект ""Подарочный для девушки""";"Комплект безопасности,Комплект ""Подарочный для девушки"" ,Техкрим, газовый баллончик, перцовый баллончик, газовые баллончики, купить газовый баллончик, газовый баллончик, газовый баллончик купить, оружие для самообороны, перцовый баллончик, средства защиты от нападения, средства самообороны, средства самообороны без лицензии, самый эффективный газовый баллончик";"Комплект ""Подарочный для девушки""";komplekt-podarochnyy-dlya-devushki;0.0000;0.0000;;;;;;;;http://pepper-vk.host.webasyst.com/wa-data/public/shop/products/29/00/29/images/105/105.970.jpg;;;;;;;
"Комплект ""Подарочный для мужчины""";;;RUB;1428;1;0;0;;"Комплект ""Подарочный для мужчины""";"<p>В комплект входят:</p><table><tbody><tr><td>Black 25 ml</td><td>2 шт</td><td>700 р.</td></tr><tr><td>Факел 75</td><td>1 шт</td><td>370 р.</td></tr><tr><td>Учебный аэрозольный</td><td>1 шт</td><td>198 р.</td></tr><tr><td>Чехол для ношения</td><td>1 шт</td><td>160 р.</td></tr></tbody></table><ul> <li>Сумма: 1428 р.</li><li>Скидка 7%</li><li>Экономия 100 р.</li></ul>";;1;"Обычный товар";;;"Комплект ""Подарочный для мужчины""";"Комплект безопасности,Комплект ""Подарочный для мужчины"",Техкрим, газовый баллончик, перцовый баллончик, газовые баллончики, купить газовый баллончик, газовый баллончик, газовый баллончик купить, оружие для самообороны, перцовый баллончик, средства защиты от нападения, средства самообороны, средства самообороны без лицензии, самый эффективный газовый баллончик";"Комплект ""Подарочный для мужчины""";komplekt-podarochnyy-dlya-muzhchiny;0.0000;0.0000;;;;;;;;http://pepper-vk.host.webasyst.com/wa-data/public/shop/products/28/00/28/images/104/104.970.jpg;;;;;;;
"Комплект ""Все защищены – лайт"" (для себя + любимый человек + дом или авто)";;;RUB;2998;1;0;0;;"Комплект ""Все защищены – лайт"" (для себя + любимый человек + дом или авто)";"<p>В комплект входят:</p><table><tbody><tr><td>Для любимой в разной одежде – Black 25 ml Lady<br></td><td>3 шт</td><td>1080 р.</td></tr><tr><td>Для себя в легкой одежде – Black 25 ml</td><td>1 шт</td><td>350 р.</td></tr><tr><td>Для себя основной – Black 65 ml</td><td>1 шт</td><td>397 р.</td></tr><tr><td>Для дома/квартиры/машины – Дракон 100</td><td>1 шт</td><td>490 р.</td></tr><tr><td>БэкАп для себя – Факел 75</td><td>1 шт</td><td>370 р.</td></tr><tr><td>Учебный аэрозольно-струйный</td><td>2 шт</td><td>396 р.</td></tr><tr><td>Учебный аэрозольный</td><td>2 шт</td><td>396 р.</td></tr><tr><td>Чехол для ношения</td><td>2 шт</td><td>320 р.</td></tr></tbody></table><ul> <li>Сумма: 3450 р.</li><li>Скидка 13%</li><li>Экономия 452 р.</li></ul>";;1;"Обычный товар";;;"Комплект ""Все защищены – лайт"" (для себя + любимый человек + дом или авто)";"Комплект безопасности,Комплект ""Все защищены – лайт"",Техкрим, газовый баллончик, перцовый баллончик, газовые баллончики, купить газовый баллончик, газовый баллончик, газовый баллончик купить, оружие для самообороны, перцовый баллончик, средства защиты от нападения, средства самообороны, средства самообороны без лицензии, самый эффективный газовый баллончик";"Комплект ""Все защищены – лайт"" (для себя + любимый человек + дом или авто)";komplekt-vse-zashchishcheny--layt-dlya-sebya--lyubimyy-chelovek--dom-ili-avto;0.0000;0.0000;;;;;;;;http://pepper-vk.host.webasyst.com/wa-data/public/shop/products/27/00/27/images/103/103.970.jpg;;;;;;;
"Комплект ""Все защищены – максимум"" (для себя + любимый человек + дом + авто)";;;RUB;5427;1;0;0;;"Комплект ""Все защищены – максимум"" (для себя + любимый человек + дом + авто)";"<p>В комплект входят:</p><table><tbody><tr><td>Для любимой в разной одежде	– Black 25 ml Lady</td><td>3 шт</td><td>1080 р.</td></tr><tr><td>Для себя в легкой одежде – Black 25 ml</td><td>1 шт</td><td>350 р.</td></tr><tr><td>Для себя основной – Black 65 ml</td><td>1 шт</td><td>397 р.</td></tr><tr><td>Для дома/квартиры – Дракон 100</td><td>1 шт</td><td>490 р.</td></tr><tr><td>Для машины/дачи – Дракон 650</td><td>1 шт</td><td>2400 р.</td></tr><tr><td>БэкАп для любимой	– Факел 75</td><td>1 шт</td><td>370 р.</td></tr><tr><td>БэкАп для себя – Перец 11А 65<br></td><td>1 шт</td><td>387 р.</td></tr><tr><td>Учебный аэрозольно-струйный</td><td>2 шт</td><td>396 р.</td></tr><tr><td>Учебный аэрозольный</td><td>2 шт</td><td>396 р.</td></tr><tr><td>Чехол для ношения</td><td>2 шт</td><td>320 р.</td></tr></tbody></table><ul> <li>Сумма: 6237 р.</li><li>Скидка 13%</li><li>Экономия 810 р.</li></ul>";;1;"Обычный товар";;;"Комплект ""Все защищены – максимум"" (для себя + любимый человек + дом + авто)";"Комплект безопасности,Комплект Все защищены – максимум ,Техкрим, газовый баллончик, перцовый баллончик, газовые баллончики, купить газовый баллончик, газовый баллончик, газовый баллончик купить, оружие для самообороны, перцовый баллончик, средства защиты от нападения, средства самообороны, средства самообороны без лицензии, самый эффективный газовый баллончик";"Комплект ""Все защищены – максимум"" (для себя + любимый человек + дом + авто)";komplekt-vse-zashchishcheny--maksimum-dlya-sebya--lyubimyy-chelovek--dom--avto;0.0000;0.0000;;;;;;;;http://pepper-vk.host.webasyst.com/wa-data/public/shop/products/26/00/26/images/102/102.970.jpg;;;;;;;
"Комплект безопасности ""Все защищены"" – для себя + любимый человек + дом + авто";;;RUB;4507;1;0;0;;"Комплект безопасности ""Все защищены"" – для себя + любимый человек + дом + авто";"<p>В комплект входят:</p><table><tbody><tr><td>Для любимой – Black 25 ml Lady</td><td>1 шт</td><td>360 р.</td></tr><tr><td>Для себя – Black 65 ml</td><td>1 шт</td><td>397 р.</td></tr><tr><td>Для дома	– Дракон 100</td><td>1 шт</td><td>490 р.</td></tr><tr><td>Для машины или дачи – Дракон 650</td><td>1 шт</td><td>2400 р.</td></tr><tr><td>БэкАп для любимой	– Факел 75</td><td>1 шт</td><td>370 р.</td></tr><tr><td>БэкАп для себя – Перец 11А 65</td><td>1 шт</td><td>387 р.</td></tr><tr><td>Учебный аэрозольно-струйный</td><td>1 шт</td><td>198 р.</td></tr><tr><td>Учебный аэрозольный</td><td>1 шт</td><td>198 р.</td></tr><tr><td>Чехол для ношения</td><td>2 шт</td><td>320 р.</td></tr></tbody></table><ul> <li>Сумма: 5121 р.</li><li>Скидка 12%</li><li>Экономия 614 р.</li></ul>";;1;"Обычный товар";;;"Комплект безопасности ""Все защищены"" – для себя + любимый человек + дом + авто";"Комплект безопасности, Комплект безопасности Все защищены,Техкрим, газовый баллончик, перцовый баллончик, газовые баллончики, купить газовый баллончик, газовый баллончик, газовый баллончик купить, оружие для самообороны, перцовый баллончик, средства защиты от нападения, средства самообороны, средства самообороны без лицензии, самый эффективный газовый баллончик";"Комплект безопасности ""Все защищены"" – для себя + любимый человек + дом + авто";komplekt-bezopasnosti-vse-zashchishcheny--dlya-sebya--lyubimyy-chelovek--dom--avto;0.0000;0.0000;;;;;;;;http://pepper-vk.host.webasyst.com/wa-data/public/shop/products/25/00/25/images/101/101.970.jpg;;;;;;;
"Комплект безопасности ""Для одного"" универсальный";;;RUB;1685;1;0;0;;"Комплект безопасности ""Для одного"" универсальный";"<p>В комплект входят:</p><table><tbody><tr><td>Для себя - основной	Black 65 ml</td><td>1 шт</td><td>397 р.</td></tr><tr><td>Для себя - бекапный	Перец 11А 65 ml</td><td>1 шт</td><td>387 р.</td></tr><tr><td>Для себя - для легкой одежды	Black 25 ml</td><td>1 шт</td><td>350 р.</td></tr><tr><td>Учебный аэрозольный</td><td>1 шт</td><td>198 р.</td></tr><tr><td>Чехол для ношения</td><td>2 шт</td><td>320 р.</td></tr></tbody></table><ul> <li>Сумма: 1851 р.</li><li>Скидка 9%</li><li>Экономия 167 р.</li></ul>";;1;"Обычный товар";;;"Комплект безопасности ""Для одного"" универсальный";"Комплект безопасности ""Для одного"",Техкрим, газовый баллончик, перцовый баллончик, газовые баллончики, купить газовый баллончик, газовый баллончик, газовый баллончик купить, оружие для самообороны, перцовый баллончик, средства защиты от нападения, средства самообороны, средства самообороны без лицензии, самый эффективный газовый баллончик";"Комплект безопасности ""Для одного"" универсальный";komplekt-bezopasnosti-dlya-odnogo-universalnyy;0.0000;0.0000;;;;;;;;http://pepper-vk.host.webasyst.com/wa-data/public/shop/products/24/00/24/images/100/100.970.jpg;;;;;;;
"Комплект безопасности ""Для одного"" супер-эконом";;;RUB;885;1;0;0;;"Комплект безопасности ""Для одного"" супер-эконом";"<p>В комплект входят:</p><table><tbody><tr><td>Black 25 ml</td><td>1 шт</td><td>350 р.</td></tr><tr><td>Факел 75</td><td>1 шт</td><td>387 р.</td></tr><tr><td>Учебный аэрозольный</td><td>1 шт</td><td>198 р.</td></tr></tbody></table><ul> <li>Сумма: 935 р.</li><li>Скидка 5%</li><li>Экономия 50 р</li></ul>";;1;"Обычный товар";;;"Комплект безопасности ""Для одного"" супер-эконом";"Комплект безопасности ""Для одного"",Техкрим, газовый баллончик, перцовый баллончик, газовые баллончики, купить газовый баллончик, газовый баллончик, газовый баллончик купить, оружие для самообороны, перцовый баллончик, средства защиты от нападения, средства самообороны, средства самообороны без лицензии, самый эффективный газовый баллончик";"Комплект безопасности ""Для одного"" супер-эконом";komplekt-bezopasnosti-dlya-odnogo-super-ekonom;0.0000;0.0000;;;;;;;;http://pepper-vk.host.webasyst.com/wa-data/public/shop/products/23/00/23/images/99/99.970.jpg;;;;;;;
